,SK_ID_CURR,DAYS_BIRTH,DAYS_EMPLOYED,DAYS_REGISTRATION,AMT_ANNUITY,AMT_CREDIT
0,100002.0,-9461.0,-637.0,-3648.0,24700.5,406597.5
1,100003.0,-16765.0,-1188.0,-1186.0,35698.5,1293502.5
2,100004.0,-19046.0,-225.0,-4260.0,6750.0,135000.0
3,100006.0,-19005.0,-3039.0,-9833.0,29686.5,312682.5
4,100007.0,-19932.0,-3038.0,-4311.0,21865.5,513000.0
5,100008.0,-16941.0,-1588.0,-4970.0,27517.5,490495.5
6,100009.0,-13778.0,-3130.0,-1213.0,41301.0,1560726.0
7,100010.0,-18850.0,-449.0,-4597.0,42075.0,1530000.0
8,100011.0,-20099.0,365243.0,-7427.0,33826.5,1019610.0
9,100012.0,-14469.0,-2019.0,-14437.0,20250.0,405000.0
10,100014.0,-10197.0,-679.0,-4427.0,21177.0,652500.0
11,100015.0,-20417.0,365243.0,-5246.0,10678.5,148365.0
12,100016.0,-13439.0,-2717.0,-311.0,5881.5,80865.0
13,100017.0,-14086.0,-3028.0,-643.0,28966.5,918468.0
14,100018.0,-14583.0,-203.0,-615.0,32778.0,773680.5
15,100019.0,-8728.0,-1157.0,-3494.0,20160.0,299772.0
16,100020.0,-12931.0,-1317.0,-6392.0,26149.5,509602.5
17,100021.0,-9776.0,-191.0,-4143.0,13500.0,270000.0
18,100022.0,-17718.0,-7804.0,-8751.0,7875.0,157500.0
19,100023.0,-11348.0,-2038.0,-1021.0,17563.5,544491.0
20,100024.0,-18252.0,-4286.0,-298.0,21375.0,427500.0
21,100025.0,-14815.0,-1652.0,-2299.0,37561.5,1132573.5
22,100026.0,-11146.0,-4306.0,-114.0,32521.5,497520.0
23,100027.0,-24827.0,365243.0,-9012.0,23850.0,239850.0
24,100029.0,-11286.0,-746.0,-108.0,12703.5,247500.0
25,100030.0,-19334.0,-3494.0,-2419.0,11074.5,225000.0
26,100031.0,-18724.0,-2628.0,-6573.0,27076.5,979992.0
27,100032.0,-15948.0,-1234.0,-5782.0,23827.5,327024.0
28,100033.0,-9994.0,-1796.0,-4668.0,57676.5,790830.0
29,100034.0,-10341.0,-1010.0,-4799.0,9000.0,180000.0
30,100035.0,-15280.0,-2668.0,-5266.0,24592.5,665892.0
31,100036.0,-11144.0,-1104.0,-7846.0,25033.5,512064.0
32,100037.0,-12974.0,-4404.0,-7123.0,20893.5,199008.0
33,100039.0,-11694.0,-2060.0,-3557.0,39069.0,733315.5
34,100040.0,-15997.0,-4585.0,-5735.0,32895.0,1125000.0
35,100041.0,-12158.0,-1275.0,-6265.0,44509.5,450000.0
36,100043.0,-17199.0,-768.0,-63.0,23157.0,641173.5
37,100044.0,-21077.0,-1288.0,-5474.0,15151.5,454500.0
38,100045.0,-23920.0,365243.0,-9817.0,17338.5,247275.0
39,100046.0,-16126.0,-1761.0,-8236.0,27000.0,540000.0
40,100047.0,-17482.0,-1262.0,-1182.0,35028.0,1193580.0
41,100048.0,-16971.0,-475.0,-3148.0,29196.0,604152.0
42,100049.0,-13384.0,-3597.0,-45.0,16258.5,288873.0
43,100050.0,-23548.0,365243.0,-5745.0,42970.5,746280.0
44,100051.0,-9827.0,-758.0,-4166.0,48280.5,661702.5
45,100052.0,-7974.0,-895.0,-6591.0,9000.0,180000.0
46,100053.0,-20373.0,365243.0,-7760.0,17649.0,305221.5
47,100054.0,-20121.0,-5332.0,-9197.0,26838.0,260640.0
48,100055.0,-19727.0,-4411.0,-6225.0,37255.5,1350000.0
49,100056.0,-18264.0,-9523.0,-5504.0,49927.5,1506816.0
50,100058.0,-12406.0,-1176.0,-1149.0,6750.0,135000.0
51,100059.0,-18632.0,-6977.0,-3904.0,34596.0,675000.0
52,100060.0,-12282.0,-778.0,-1824.0,14661.0,454500.0
53,100061.0,-10473.0,-1392.0,-2025.0,16164.0,314055.0
54,100062.0,-18611.0,365243.0,-6936.0,32472.0,675000.0
55,100063.0,-12955.0,-4106.0,-7054.0,45558.0,837427.5
56,100064.0,-21621.0,365243.0,-2019.0,15381.0,298728.0
57,100068.0,-18248.0,-2351.0,-4375.0,12375.0,247500.0
58,100069.0,-14186.0,-1743.0,-2128.0,27265.5,640458.0
59,100070.0,-20544.0,-2091.0,-6846.0,46899.0,1227901.5
60,100071.0,-20121.0,-2446.0,-6755.0,86989.5,1663987.5
61,100072.0,-7907.0,-1324.0,-4557.0,44118.0,1080000.0
62,100073.0,-22843.0,365243.0,-1042.0,40189.5,1130760.0
63,100075.0,-12240.0,-3720.0,-5246.0,10462.5,95940.0
64,100076.0,-13866.0,-2546.0,-5448.0,9679.5,315000.0
65,100077.0,-12049.0,-579.0,-6105.0,40657.5,1256400.0
66,100078.0,-19550.0,-4856.0,-6836.0,43983.0,1035000.0
67,100079.0,-15359.0,-114.0,-5076.0,13500.0,270000.0
68,100080.0,-11956.0,-3154.0,-8118.0,22500.0,450000.0
69,100081.0,-10848.0,-121.0,-4809.0,21109.5,450000.0
70,100082.0,-12009.0,-2844.0,-1377.0,21109.5,450000.0
71,100083.0,-15406.0,-892.0,-341.0,24435.0,573628.5
72,100084.0,-14860.0,-1156.0,-23.0,26140.5,495351.0
73,100085.0,-11187.0,-2224.0,-3253.0,28894.5,755190.0
74,100086.0,-14264.0,-2492.0,-4327.0,21775.5,675000.0
75,100087.0,-17542.0,-2011.0,-1529.0,37800.0,1288350.0
76,100088.0,-19467.0,-4066.0,-4623.0,6750.0,135000.0
77,100089.0,-9666.0,-2811.0,-4437.0,15781.5,337761.0
78,100093.0,-18253.0,-721.0,-1701.0,28273.5,585000.0
79,100094.0,-22935.0,365243.0,-12623.0,5301.0,113760.0
80,100095.0,-18693.0,-1434.0,-10255.0,6750.0,135000.0
81,100096.0,-24794.0,365243.0,-5391.0,14593.5,252000.0
82,100097.0,-17527.0,-2442.0,-3500.0,30280.5,760225.5
83,100098.0,-17390.0,-924.0,-7211.0,13500.0,270000.0
84,100099.0,-23032.0,365243.0,-9506.0,41076.0,733315.5
85,100100.0,-15909.0,-1094.0,-3134.0,38443.5,796396.5
86,100101.0,-18138.0,-969.0,-7421.0,22072.5,343377.0
87,100102.0,-14321.0,-192.0,-6913.0,10264.5,327024.0
88,100103.0,-21112.0,-1694.0,-6057.0,16965.0,450000.0
89,100104.0,-18556.0,-862.0,-6769.0,30690.0,547344.0
90,100105.0,-19810.0,-8862.0,-4493.0,23755.5,225000.0
91,100108.0,-12780.0,-1415.0,-5146.0,31288.5,545040.0
92,100110.0,-10744.0,-741.0,-442.0,25065.0,373140.0
93,100111.0,-10485.0,-1249.0,-4628.0,27954.0,862560.0
94,100112.0,-10199.0,-2015.0,-4802.0,64107.0,953460.0
95,100113.0,-15137.0,-7980.0,-9176.0,6696.0,135000.0
96,100114.0,-10734.0,-693.0,-7913.0,22599.0,284400.0
97,100115.0,-15371.0,-367.0,-3071.0,14683.5,315000.0
98,100116.0,-14751.0,-6737.0,-3390.0,32017.5,900000.0
99,100118.0,-22471.0,365243.0,-217.0,26541.0,675000.0
100,100119.0,-11142.0,-2419.0,-4987.0,9000.0,180000.0
101,100120.0,-9650.0,-2953.0,-4329.0,28215.0,781920.0
102,100121.0,-16798.0,-669.0,-9388.0,26145.0,787131.0
103,100122.0,-10954.0,-2469.0,-550.0,26217.0,808650.0
104,100123.0,-23719.0,-8466.0,-3917.0,19737.0,675000.0
105,100124.0,-24051.0,365243.0,-7040.0,28647.0,448272.0
106,100125.0,-21613.0,365243.0,-2376.0,26208.0,263686.5
107,100126.0,-12900.0,-782.0,-2124.0,9000.0,180000.0
108,100127.0,-21341.0,365243.0,-10150.0,5341.5,52128.0
109,100129.0,-9415.0,-225.0,-4066.0,6750.0,135000.0
110,100130.0,-10526.0,-267.0,-387.0,30802.5,723996.0
111,100131.0,-13830.0,-1169.0,-7953.0,45625.5,891072.0
112,100132.0,-23656.0,-968.0,-14666.0,73611.0,1136439.0
113,100133.0,-9207.0,-1043.0,-4069.0,18810.0,384048.0
114,100134.0,-10085.0,-465.0,-9649.0,9000.0,180000.0
115,100135.0,-19829.0,-215.0,-4730.0,26271.0,391194.0
116,100136.0,-15949.0,-239.0,-1146.0,49356.0,1571931.0
117,100137.0,-20284.0,365243.0,-1990.0,45625.5,891072.0
118,100138.0,-14339.0,365243.0,-1104.0,29223.0,824823.0
119,100139.0,-13286.0,-2305.0,-6685.0,24016.5,302341.5
120,100140.0,-9223.0,-802.0,-4067.0,33750.0,675000.0
121,100142.0,-13379.0,-5387.0,-6869.0,27994.5,579195.0
122,100143.0,-22881.0,-3420.0,-1481.0,13500.0,270000.0
123,100144.0,-16759.0,-4560.0,-3079.0,30028.5,535500.0
124,100145.0,-16282.0,-4375.0,-762.0,16789.5,260725.5
125,100146.0,-22959.0,365243.0,-1730.0,12456.0,327024.0
126,100147.0,-16142.0,-2832.0,-3440.0,22099.5,518562.0
127,100148.0,-16340.0,-8647.0,-4182.0,36459.0,755190.0
128,100149.0,-9203.0,-481.0,-1642.0,26374.5,539590.5
129,100151.0,-16522.0,-1451.0,-4101.0,11772.0,182016.0
130,100152.0,-16083.0,-2764.0,-7358.0,9720.0,254412.0
131,100153.0,-18413.0,-1895.0,-10826.0,32526.0,1107981.0
132,100154.0,-12157.0,-2995.0,-4055.0,9000.0,180000.0
133,100155.0,-11944.0,-2899.0,-5812.0,21906.0,675000.0
134,100156.0,-14235.0,-5411.0,-2248.0,39127.5,945000.0
135,100157.0,-16086.0,-1549.0,-3174.0,61132.5,1755000.0
136,100158.0,-12348.0,-1821.0,-1909.0,27486.0,590337.0
137,100159.0,-14645.0,-4027.0,-7154.0,41800.5,1515415.5
138,100160.0,-16667.0,-200.0,-5239.0,36747.0,675000.0
139,100161.0,-16219.0,-2599.0,-9329.0,13972.5,370629.0
140,100162.0,-21061.0,365243.0,-5439.0,18216.0,547344.0
141,100163.0,-19718.0,-5717.0,-8940.0,19773.0,550489.5
142,100164.0,-16097.0,-2630.0,-110.0,43362.0,407434.5
143,100165.0,-21961.0,365243.0,-8887.0,35568.0,1293502.5
144,100166.0,-14359.0,-1894.0,-2908.0,15241.5,152820.0
145,100167.0,-15127.0,-1039.0,-4221.0,46170.0,427500.0
146,100173.0,-11633.0,-2596.0,-5430.0,26725.5,781920.0
147,100174.0,-14597.0,-1997.0,-8491.0,11250.0,225000.0
148,100175.0,-16296.0,-266.0,-164.0,45067.5,1251072.0
149,100176.0,-17682.0,-4319.0,-2630.0,31653.0,1078200.0
150,100177.0,-14311.0,-334.0,-8401.0,33309.0,312682.5
151,100178.0,-19286.0,-1485.0,-7887.0,28917.0,679500.0
152,100179.0,-11375.0,-2311.0,-180.0,53329.5,675000.0
153,100180.0,-15581.0,-4940.0,-9520.0,37800.0,1288350.0
154,100181.0,-17538.0,-7676.0,-774.0,12667.5,245619.0
155,100182.0,-13558.0,-4758.0,-6426.0,6750.0,135000.0
156,100183.0,-24729.0,365243.0,-4047.0,23494.5,239850.0
157,100185.0,-20215.0,365243.0,-3508.0,10903.5,187704.0
158,100186.0,-21861.0,365243.0,-830.0,13095.0,269550.0
159,100188.0,-15323.0,-5785.0,-5368.0,56290.5,1325475.0
160,100189.0,-16807.0,-1094.0,-8184.0,14440.5,263844.0
161,100190.0,-13972.0,-4472.0,-464.0,24781.5,263686.5
162,100191.0,-21819.0,-8355.0,-8440.0,17563.5,544491.0
163,100192.0,-7989.0,-150.0,-2570.0,21037.5,225000.0
164,100193.0,-17879.0,-940.0,-2294.0,15124.5,296280.0
165,100194.0,-12805.0,-5258.0,-3262.0,15750.0,315000.0
166,100195.0,-10887.0,-341.0,-5333.0,9373.5,336150.0
167,100196.0,-11568.0,-2331.0,-1082.0,32125.5,755190.0
168,100197.0,-12019.0,-1148.0,-682.0,28692.0,497520.0
169,100198.0,-13116.0,-1786.0,-7237.0,32616.0,531000.0
170,100199.0,-20858.0,-472.0,-8167.0,18891.0,269550.0
171,100200.0,-16891.0,-2730.0,-7519.0,27193.5,450000.0
172,100201.0,-12147.0,-2178.0,-6189.0,36747.0,675000.0
173,100202.0,-22994.0,365243.0,-9705.0,6597.0,127350.0
174,100203.0,-25104.0,365243.0,-4182.0,11097.0,119925.0
175,100204.0,-19525.0,365243.0,-5077.0,30699.0,532494.0
176,100205.0,-18302.0,-1373.0,-10539.0,26217.0,808650.0
177,100206.0,-12027.0,-1720.0,-3867.0,25294.5,318528.0
178,100207.0,-16518.0,-3592.0,-3627.0,22738.5,700830.0
179,100208.0,-12648.0,-2802.0,-2109.0,29016.0,888840.0
180,100209.0,-15326.0,-1038.0,-782.0,27000.0,540000.0
181,100210.0,-16475.0,-17.0,-1225.0,25627.5,771493.5
182,100211.0,-14033.0,-328.0,-544.0,49873.5,746280.0
183,100213.0,-13873.0,-1282.0,-632.0,19930.5,278460.0
184,100214.0,-10127.0,-111.0,-1724.0,28516.5,436032.0
185,100215.0,-21703.0,365243.0,-9849.0,8172.0,227520.0
186,100216.0,-19785.0,-9919.0,-9342.0,6705.0,67500.0
187,100217.0,-13620.0,-1403.0,-5451.0,25321.5,254700.0
188,100218.0,-13210.0,-225.0,-7318.0,49050.0,876078.0
189,100219.0,-11177.0,-1514.0,-64.0,83515.5,2250000.0
190,100220.0,-14823.0,-185.0,-1147.0,30568.5,1040985.0
191,100221.0,-23656.0,-11883.0,-7125.0,77494.5,684054.0
192,100224.0,-14091.0,-5664.0,-8127.0,36864.0,1256400.0
193,100225.0,-14144.0,-4516.0,-1516.0,28552.5,720000.0
194,100226.0,-13584.0,-680.0,-350.0,13500.0,270000.0
195,100227.0,-10010.0,-240.0,-4629.0,55719.0,1024740.0
196,100228.0,-13957.0,-410.0,-5038.0,32364.0,1102500.0
197,100229.0,-17947.0,-5025.0,-11812.0,16047.0,544491.0
198,100230.0,-19070.0,-837.0,-6789.0,20250.0,405000.0
199,100231.0,-17850.0,-2899.0,-2880.0,30276.0,912240.0
200,100233.0,-18341.0,-701.0,-9730.0,28926.0,679671.0
201,100234.0,-16614.0,-551.0,-6098.0,9000.0,180000.0
202,100235.0,-15887.0,-468.0,-4604.0,19926.0,364896.0
203,100236.0,-23187.0,-1896.0,-5213.0,20353.5,312768.0
204,100237.0,-13803.0,-281.0,-640.0,37800.0,1288350.0
205,100238.0,-12994.0,-1330.0,-2588.0,50148.0,781920.0
206,100239.0,-20191.0,-1699.0,-6040.0,51687.0,1483231.5
207,100240.0,-11978.0,-3947.0,-6005.0,28530.0,590337.0
208,100242.0,-20945.0,-7359.0,-7395.0,10827.0,101880.0
209,100243.0,-9720.0,-573.0,-689.0,13833.0,161730.0
210,100244.0,-17103.0,-5021.0,-221.0,35505.0,447768.0
211,100246.0,-12824.0,-154.0,-6764.0,26995.5,495216.0
212,100247.0,-19914.0,-3408.0,-7647.0,19381.5,402939.0
213,100248.0,-22389.0,365243.0,-12314.0,23643.0,808650.0
214,100249.0,-15293.0,-5317.0,-4699.0,4513.5,76410.0
215,100250.0,-11259.0,-164.0,-808.0,6529.5,90000.0
216,100251.0,-19530.0,-1940.0,-7092.0,14134.5,270000.0
217,100252.0,-17715.0,-1256.0,-5284.0,50391.0,490495.5
218,100254.0,-21646.0,-2127.0,-381.0,34911.0,1078200.0
219,100255.0,-15377.0,-4398.0,-34.0,52825.5,824544.0
220,100257.0,-23090.0,365243.0,-7062.0,16119.0,312768.0
221,100258.0,-16273.0,-1605.0,-939.0,9135.0,81000.0
222,100259.0,-20672.0,365243.0,-3315.0,21955.5,427500.0
223,100260.0,-10038.0,-1746.0,-4742.0,20488.5,180000.0
224,100261.0,-14974.0,-2389.0,-7478.0,22243.5,522000.0
225,100262.0,-13640.0,-3339.0,-3522.0,41548.5,1575000.0
226,100263.0,-23456.0,365243.0,-2267.0,32665.5,585000.0
227,100264.0,-23037.0,365243.0,-2017.0,48186.0,1215000.0
228,100265.0,-8302.0,-278.0,-1219.0,34960.5,723996.0
229,100266.0,-18810.0,-995.0,-9761.0,36864.0,1256400.0
230,100267.0,-13685.0,-3281.0,-7727.0,17937.0,675000.0
231,100268.0,-10571.0,-1028.0,-643.0,18040.5,225000.0
232,100269.0,-11180.0,-1313.0,-4774.0,23319.0,427450.5
233,100270.0,-21497.0,365243.0,-14502.0,16875.0,337500.0
234,100272.0,-9135.0,-460.0,-1219.0,9000.0,180000.0
235,100273.0,-23127.0,-9274.0,-817.0,66262.5,1710000.0
236,100274.0,-15612.0,-1106.0,-8060.0,38281.5,1305000.0
237,100275.0,-23650.0,365243.0,-11380.0,18670.5,646920.0
238,100276.0,-12246.0,-1787.0,-1002.0,39438.0,497520.0
239,100277.0,-21812.0,365243.0,-12539.0,16200.0,364896.0
240,100279.0,-23946.0,365243.0,-6935.0,16407.0,254700.0
241,100281.0,-17957.0,-4942.0,-7868.0,21906.0,675000.0
242,100282.0,-9157.0,-146.0,-2926.0,6750.0,135000.0
243,100283.0,-12585.0,-870.0,-6120.0,38268.0,747000.0
244,100284.0,-14445.0,-3218.0,-5173.0,29862.0,675000.0
245,100285.0,-10755.0,-1185.0,-765.0,9000.0,180000.0
246,100286.0,-17847.0,-448.0,-3595.0,17298.0,263686.5
247,100287.0,-24891.0,365243.0,-2120.0,22383.0,225000.0
248,100288.0,-9907.0,-648.0,-5628.0,21888.0,450000.0
249,100289.0,-14811.0,-7668.0,-1761.0,26878.5,526491.0
250,100290.0,-14726.0,-142.0,-3458.0,17707.5,224136.0
251,100291.0,-11881.0,-716.0,-2283.0,14355.0,292500.0
252,100292.0,-21185.0,365243.0,-1702.0,29862.0,675000.0
253,100293.0,-14247.0,-2993.0,-3842.0,65956.5,1271281.5
254,100294.0,-20984.0,-7148.0,-8781.0,35392.5,835380.0
255,100295.0,-11356.0,-602.0,-335.0,31032.0,1019205.0
256,100296.0,-17186.0,-1116.0,-4258.0,24241.5,223884.0
257,100297.0,-10427.0,-1274.0,-2609.0,17059.5,334152.0
258,100298.0,-16223.0,-3077.0,-3425.0,48676.5,473760.0
259,100299.0,-19045.0,-11916.0,-6644.0,27000.0,540000.0
260,100300.0,-12209.0,-1572.0,-6348.0,22468.5,426645.0
261,100301.0,-8292.0,-166.0,-3062.0,31131.0,571486.5
262,100302.0,-9105.0,-482.0,-5874.0,9256.5,187704.0
263,100303.0,-24006.0,365243.0,-2239.0,15709.5,254700.0
264,100304.0,-22794.0,-15632.0,-7959.0,33750.0,675000.0
265,100305.0,-9011.0,-100.0,-7897.0,15970.5,237024.0
266,100307.0,-16546.0,-1480.0,-2196.0,35824.5,451804.5
267,100308.0,-14534.0,-3397.0,-3776.0,21892.5,208512.0
268,100309.0,-16098.0,-3131.0,-7189.0,15268.5,263686.5
269,100310.0,-14659.0,-1228.0,-688.0,31315.5,1071000.0
270,100313.0,-22510.0,365243.0,-6983.0,35419.5,1206954.0
271,100314.0,-10788.0,-2573.0,-5248.0,25960.5,239850.0
272,100315.0,-10203.0,-59.0,-6422.0,21064.5,288873.0
273,100316.0,-15076.0,-4917.0,-1725.0,26500.5,622413.0
274,100317.0,-17013.0,-7426.0,-3274.0,30438.0,630000.0
275,100318.0,-9627.0,-189.0,-709.0,12109.5,381528.0
276,100319.0,-11631.0,-782.0,-7868.0,32868.0,781920.0
277,100320.0,-11996.0,-2907.0,-2562.0,49374.0,481855.5
278,100321.0,-13534.0,-1420.0,-1602.0,31500.0,521280.0
279,100322.0,-19297.0,-554.0,-7173.0,26874.0,254700.0
280,100323.0,-18213.0,-2363.0,-4627.0,55800.0,1575000.0
281,100324.0,-10471.0,-1753.0,-4922.0,18265.5,152820.0
282,100325.0,-20385.0,-2875.0,-4025.0,31261.5,640080.0
283,100326.0,-22078.0,365243.0,-6748.0,10849.5,284400.0
284,100327.0,-20317.0,-2334.0,-10946.0,32341.5,407727.0
285,100328.0,-15864.0,-8215.0,-2463.0,42124.5,1270746.0
286,100329.0,-19997.0,-645.0,-2391.0,17716.5,247275.0
287,100332.0,-23444.0,365243.0,-14604.0,20677.5,545040.0
288,100333.0,-10442.0,-864.0,-4750.0,30204.0,450000.0
289,100334.0,-18665.0,-837.0,-6710.0,10939.5,101880.0
290,100335.0,-23420.0,365243.0,-14293.0,19737.0,675000.0
291,100336.0,-13989.0,-1350.0,-8112.0,28692.0,497520.0
292,100337.0,-9324.0,-872.0,-599.0,26640.0,545040.0
293,100338.0,-21292.0,-1491.0,-11804.0,23274.0,630000.0
294,100339.0,-21535.0,-2828.0,-3182.0,24750.0,495000.0
295,100340.0,-13080.0,-3429.0,-4198.0,44082.0,787131.0
296,100341.0,-20348.0,-7115.0,-1799.0,20677.5,545040.0
297,100342.0,-8400.0,-338.0,-4664.0,10827.0,101880.0
298,100343.0,-10935.0,-422.0,-5251.0,4504.5,90000.0
299,100344.0,-11287.0,-3894.0,-3134.0,14647.5,225000.0
300,100345.0,-21154.0,-951.0,-5892.0,17095.5,450000.0
301,100346.0,-17674.0,-6788.0,-10598.0,25803.0,582804.0
302,100347.0,-21419.0,365243.0,-13511.0,23121.0,640080.0
303,100348.0,-10390.0,-370.0,-8697.0,47983.5,1223010.0
304,100349.0,-23338.0,365243.0,-11761.0,23449.5,364896.0
305,100350.0,-22759.0,365243.0,-124.0,31833.0,481495.5
306,100351.0,-22606.0,365243.0,-930.0,20596.5,675000.0
307,100353.0,-17941.0,-535.0,-13472.0,19282.5,536917.5
308,100354.0,-9259.0,-2382.0,-3948.0,6750.0,135000.0
309,100355.0,-9178.0,-633.0,-4829.0,42898.5,946503.0
310,100356.0,-21140.0,-385.0,-4410.0,14944.5,188685.0
311,100357.0,-9166.0,-1450.0,-9166.0,9000.0,180000.0
312,100359.0,-14923.0,-273.0,-3883.0,11164.5,226908.0
313,100360.0,-19676.0,-4483.0,-5545.0,10125.0,202500.0
314,100361.0,-17099.0,-499.0,-5508.0,62698.5,1800000.0
315,100362.0,-17438.0,-3668.0,-10185.0,26833.5,807984.0
316,100363.0,-14882.0,-436.0,-1140.0,48942.0,493497.0
317,100364.0,-17498.0,-1355.0,-8464.0,30078.0,1024290.0
318,100365.0,-20435.0,365243.0,-2565.0,19647.0,517788.0
319,100366.0,-11788.0,-3144.0,-5643.0,67500.0,1350000.0
320,100368.0,-11285.0,-3473.0,-1929.0,24246.0,675000.0
321,100369.0,-19323.0,-571.0,-67.0,22527.0,528633.0
322,100370.0,-23195.0,365243.0,-9513.0,16222.5,448056.0
323,100371.0,-14768.0,-426.0,-3241.0,31464.0,808650.0
324,100372.0,-21909.0,365243.0,-2319.0,29781.0,531000.0
325,100373.0,-15013.0,-3282.0,-2347.0,46269.0,906228.0
326,100374.0,-14975.0,-7540.0,-7657.0,42354.0,1308964.5
327,100375.0,-21552.0,-2672.0,-13057.0,30528.0,942300.0
328,100376.0,-18831.0,-1342.0,-8691.0,20250.0,254700.0
329,100377.0,-14252.0,-1281.0,-6024.0,25447.5,239850.0
330,100378.0,-15017.0,-639.0,-3996.0,26217.0,808650.0
331,100379.0,-19003.0,-5136.0,-5341.0,30528.0,942300.0
332,100380.0,-15023.0,-1481.0,-3.0,57519.0,900000.0
333,100381.0,-11223.0,-107.0,-5619.0,11533.5,302544.0
334,100383.0,-13754.0,-819.0,-256.0,20929.5,640080.0
335,100387.0,-13299.0,-1559.0,-395.0,43587.0,1095817.5
336,100388.0,-18929.0,-4145.0,-10610.0,20695.5,518562.0
337,100389.0,-14216.0,-365.0,-3183.0,68643.0,1971072.0
338,100390.0,-11799.0,-1228.0,-334.0,14778.0,555273.0
339,100391.0,-18315.0,-497.0,-2883.0,26217.0,808650.0
340,100392.0,-12325.0,-638.0,-560.0,9000.0,180000.0
341,100393.0,-14966.0,-6158.0,-954.0,59485.5,2250000.0
342,100394.0,-23721.0,365243.0,-3367.0,11034.0,178290.0
343,100395.0,-16719.0,-687.0,-8892.0,32053.5,888840.0
344,100396.0,-13707.0,365243.0,-7809.0,25330.5,417024.0
345,100397.0,-22767.0,-2998.0,-10042.0,37512.0,1417185.0
346,100398.0,-20010.0,-2784.0,-4662.0,8658.0,180000.0
347,100400.0,-23187.0,365243.0,-13629.0,28467.0,536917.5
348,100401.0,-20200.0,365243.0,-973.0,16663.5,343683.0
349,100402.0,-19780.0,365243.0,-11248.0,21825.0,276277.5
350,100403.0,-10615.0,-1496.0,-2119.0,39604.5,1350000.0
351,100405.0,-8598.0,-220.0,-1058.0,22018.5,450000.0
352,100406.0,-20846.0,365243.0,-774.0,34101.0,468648.0
353,100407.0,-11582.0,-3632.0,-5277.0,26743.5,521280.0
354,100408.0,-15781.0,-422.0,-3929.0,29173.5,454500.0
355,100409.0,-10547.0,-1897.0,-4480.0,23337.0,454500.0
356,100410.0,-14239.0,-4073.0,-8317.0,56277.0,1258650.0
357,100411.0,-19410.0,-5545.0,-1006.0,33412.5,1035832.5
358,100412.0,-11039.0,-1865.0,-1379.0,25294.5,318528.0
359,100413.0,-22768.0,365243.0,-4730.0,9351.0,90000.0
360,100414.0,-12360.0,-4048.0,-5972.0,27360.0,533304.0
361,100415.0,-13552.0,-2418.0,-755.0,38241.0,792162.0
362,100417.0,-16129.0,-879.0,-9171.0,36459.0,755190.0
363,100418.0,-13284.0,-1765.0,-562.0,31500.0,521280.0
364,100419.0,-20434.0,365243.0,-6328.0,13419.0,454500.0
365,100420.0,-14283.0,-2191.0,-8330.0,9198.0,91692.0
366,100421.0,-19082.0,-2299.0,-4345.0,32017.5,900000.0
367,100423.0,-16376.0,-1251.0,-673.0,42957.0,1327648.5
368,100424.0,-18302.0,-136.0,-4005.0,12433.5,117162.0
369,100425.0,-12982.0,-2850.0,-3476.0,20259.0,688500.0
370,100427.0,-13455.0,-4971.0,-5851.0,30442.5,450000.0
371,100428.0,-19998.0,-2082.0,-393.0,35946.0,1224990.0
372,100429.0,-15438.0,-936.0,-7215.0,26793.0,629325.0
373,100430.0,-8650.0,-296.0,-832.0,17136.0,157914.0
374,100431.0,-19642.0,-6684.0,-2495.0,47542.5,1724220.0
375,100432.0,-10347.0,-1276.0,-2127.0,25272.0,495000.0
376,100433.0,-16048.0,-3879.0,-10146.0,45454.5,472500.0
377,100434.0,-17860.0,-1565.0,-11928.0,30303.0,280170.0
378,100435.0,-16462.0,-4690.0,-3290.0,16294.5,450000.0
379,100436.0,-19345.0,-2418.0,-13244.0,20250.0,405000.0
380,100437.0,-21401.0,365243.0,-3940.0,30951.0,817560.0
381,100439.0,-8038.0,-609.0,-8038.0,22891.5,312840.0
382,100440.0,-23903.0,365243.0,-12295.0,7438.5,127350.0
383,100441.0,-20171.0,365243.0,-240.0,11416.5,269550.0
384,100442.0,-18715.0,-6991.0,-8455.0,32076.0,805536.0
385,100443.0,-23054.0,365243.0,-3975.0,23296.5,456273.0
386,100448.0,-11693.0,-3158.0,-2746.0,25290.0,598486.5
387,100449.0,-16832.0,-5544.0,-8718.0,27679.5,942300.0
388,100451.0,-19501.0,-10988.0,-8368.0,16978.5,446931.0
389,100452.0,-18767.0,-2046.0,-6555.0,36391.5,1009566.0
390,100453.0,-12191.0,-3298.0,-1371.0,27423.0,521280.0
391,100454.0,-13530.0,-3269.0,-987.0,67500.0,1350000.0
392,100455.0,-11523.0,-3443.0,-37.0,24273.0,830214.0
393,100456.0,-12360.0,-914.0,-2092.0,26640.0,545040.0
394,100457.0,-8922.0,-728.0,-8882.0,13500.0,270000.0
395,100458.0,-20646.0,365243.0,-12781.0,26217.0,808650.0
396,100459.0,-15832.0,-459.0,-8346.0,11250.0,225000.0
397,100460.0,-9842.0,-157.0,-2291.0,27000.0,540000.0
398,100461.0,-15868.0,-2134.0,-7595.0,16713.0,288873.0
399,100462.0,-16395.0,-8001.0,-457.0,7911.0,152820.0
400,100463.0,-14402.0,365243.0,-4217.0,15268.5,263686.5
401,100464.0,-9825.0,-819.0,-3990.0,17640.0,345510.0
402,100465.0,-15783.0,-5452.0,-8176.0,20677.5,545040.0
403,100467.0,-17935.0,-474.0,-2053.0,13284.0,225000.0
404,100468.0,-18287.0,365243.0,-229.0,23872.5,900000.0
405,100469.0,-10485.0,-663.0,-4.0,67500.0,1350000.0
406,100470.0,-15601.0,-3880.0,-9642.0,39469.5,1345500.0
407,100471.0,-15150.0,-392.0,-70.0,35743.5,697500.0
408,100472.0,-13923.0,-519.0,-10704.0,26509.5,545040.0
409,100473.0,-16245.0,-2015.0,-3319.0,51687.0,1483231.5
410,100474.0,-23045.0,-2652.0,-1813.0,45000.0,900000.0
411,100475.0,-20165.0,-362.0,-91.0,24750.0,495000.0
412,100476.0,-18469.0,-304.0,-9289.0,31324.5,509922.0
413,100477.0,-13715.0,-151.0,-6193.0,22599.0,284400.0
414,100478.0,-11935.0,-5348.0,-973.0,20223.0,393543.0
415,100479.0,-9496.0,-189.0,-4182.0,9000.0,180000.0
416,100480.0,-10046.0,-1444.0,-4798.0,50269.5,473760.0
417,100481.0,-17599.0,-9542.0,-426.0,27000.0,540000.0
418,100482.0,-18579.0,-890.0,-12020.0,16924.5,445500.0
419,100485.0,-11353.0,-651.0,-2513.0,40500.0,810000.0
420,100486.0,-23794.0,365243.0,-9471.0,12991.5,172021.5
421,100487.0,-16476.0,365243.0,-4646.0,22783.5,630747.0
422,100488.0,-15300.0,-435.0,-586.0,24075.0,364896.0
423,100489.0,-19833.0,-3953.0,-159.0,25816.5,238500.0
424,100490.0,-9684.0,-2354.0,-3801.0,38686.5,755190.0
425,100491.0,-12018.0,-644.0,-1199.0,17167.5,314100.0
426,100492.0,-12662.0,-892.0,-6586.0,57550.5,716161.5
427,100493.0,-18651.0,-2593.0,-5769.0,41692.5,1288350.0
428,100495.0,-13494.0,-2298.0,-1138.0,29623.5,832500.0
429,100496.0,-18627.0,-2190.0,-1340.0,33025.5,1125000.0
430,100497.0,-8956.0,-401.0,-3606.0,9000.0,180000.0
431,100498.0,-16468.0,-1544.0,-5023.0,24903.0,485190.0
432,100499.0,-13229.0,-1210.0,-7237.0,36963.0,678996.0
433,100500.0,-18522.0,-4322.0,-1778.0,35631.0,840951.0
434,100501.0,-13816.0,-1870.0,-29.0,29808.0,1125000.0
435,100502.0,-16121.0,-3159.0,-3020.0,41674.5,485640.0
436,100503.0,-22524.0,365243.0,-8604.0,34870.5,876019.5
437,100504.0,-18271.0,-206.0,-7168.0,12672.0,187704.0
438,100505.0,-17222.0,-3723.0,-5550.0,24799.5,675000.0
439,100506.0,-14671.0,-1977.0,-7984.0,16240.5,345645.0
440,100507.0,-7747.0,-139.0,-2577.0,42075.0,450000.0
441,100508.0,-18268.0,-2569.0,-4292.0,62019.0,1971072.0
442,100509.0,-21987.0,365243.0,-8482.0,12312.0,339241.5
443,100511.0,-11519.0,-1563.0,-4980.0,19255.5,454500.0
444,100513.0,-18344.0,-7364.0,-3255.0,36090.0,848745.0
445,100514.0,-15187.0,365243.0,-1856.0,28701.0,265306.5
446,100515.0,-17668.0,-900.0,-1890.0,43857.0,1032093.0
447,100516.0,-20792.0,365243.0,-4205.0,11700.0,117000.0
448,100518.0,-22681.0,365243.0,-13564.0,10125.0,202500.0
449,100519.0,-19031.0,365243.0,-7369.0,27684.0,625536.0
450,100520.0,-20143.0,-2572.0,-614.0,13500.0,270000.0
451,100521.0,-20523.0,365243.0,-8472.0,11250.0,225000.0
452,100522.0,-10933.0,-2309.0,-4757.0,20898.0,343683.0
453,100523.0,-18278.0,-1808.0,-3518.0,52857.0,1096020.0
454,100524.0,-10936.0,-3186.0,-173.0,20740.5,284400.0
455,100525.0,-15191.0,-116.0,-1666.0,11421.0,215640.0
456,100526.0,-13227.0,-668.0,-7304.0,8253.0,90000.0
457,100527.0,-9393.0,-992.0,-4145.0,13500.0,270000.0
458,100528.0,-14608.0,-4624.0,-514.0,19867.5,675000.0
459,100529.0,-8857.0,-348.0,-3456.0,17820.0,269550.0
460,100530.0,-18035.0,-3802.0,-3669.0,34807.5,770292.0
461,100531.0,-12349.0,-589.0,-4182.0,25002.0,904500.0
462,100532.0,-18437.0,-117.0,-6339.0,13086.0,277969.5
463,100533.0,-15363.0,-5359.0,-2917.0,19125.0,382500.0
464,100534.0,-13986.0,-4363.0,-425.0,14449.5,256500.0
465,100535.0,-20488.0,-1352.0,-10561.0,11619.0,225000.0
466,100536.0,-14357.0,-1683.0,-7323.0,42066.0,787131.0
467,100537.0,-11418.0,-3351.0,-5597.0,37656.0,1044724.5
468,100538.0,-16060.0,-3031.0,-3116.0,24412.5,450000.0
469,100539.0,-14678.0,-3353.0,-2155.0,22252.5,225000.0
470,100540.0,-9289.0,-1003.0,-823.0,26901.0,338832.0
471,100541.0,-10616.0,-1065.0,-3964.0,43299.0,900000.0
472,100542.0,-16388.0,-8923.0,-7741.0,11245.5,156339.0
473,100543.0,-20173.0,365243.0,-9054.0,26703.0,225000.0
474,100544.0,-13583.0,-117.0,-2717.0,13176.0,252000.0
475,100545.0,-19058.0,-10089.0,-1320.0,29736.0,1012500.0
476,100546.0,-23539.0,365243.0,-6397.0,21672.0,508495.5
477,100547.0,-10037.0,-148.0,-781.0,21888.0,450000.0
478,100549.0,-16540.0,-3845.0,-1484.0,28350.0,545040.0
479,100550.0,-13768.0,-2722.0,-6902.0,24178.5,669591.0
480,100554.0,-11980.0,-486.0,-2360.0,31068.0,1125000.0
481,100555.0,-12293.0,-304.0,-81.0,17230.5,337500.0
482,100556.0,-22735.0,365243.0,-1583.0,4959.0,50940.0
483,100557.0,-10825.0,-1802.0,-4757.0,43785.0,1320975.0
484,100558.0,-19499.0,-1299.0,-7244.0,13500.0,270000.0
485,100559.0,-20589.0,-13994.0,-5893.0,116266.5,2286211.5
486,100560.0,-21157.0,365243.0,-8746.0,11488.5,225000.0
487,100562.0,-12232.0,-4332.0,-4130.0,33750.0,675000.0
488,100563.0,-15227.0,-1615.0,-5921.0,38974.5,1175314.5
489,100564.0,-16304.0,-811.0,-8807.0,40320.0,835380.0
490,100565.0,-20934.0,365243.0,-1377.0,25078.5,518562.0
491,100566.0,-18125.0,-3443.0,-5118.0,27400.5,932643.0
492,100567.0,-8063.0,-261.0,-738.0,9000.0,180000.0
493,100570.0,-13162.0,-215.0,-7286.0,36927.0,1395000.0
494,100571.0,-9970.0,-1912.0,-456.0,39127.5,983299.5
495,100572.0,-19110.0,365243.0,-9012.0,13437.0,314055.0
496,100573.0,-13482.0,-1684.0,-2152.0,26559.0,961146.0
497,100574.0,-18280.0,-241.0,-12213.0,60070.5,1125000.0
498,100575.0,-22443.0,365243.0,-1824.0,17586.0,247275.0
499,100576.0,-12803.0,-342.0,-6902.0,24363.0,225000.0
500,100577.0,-23169.0,365243.0,-17298.0,15912.0,555273.0
501,100578.0,-11178.0,-4575.0,-1505.0,16839.0,358443.0
502,100579.0,-15953.0,-195.0,-3851.0,29209.5,270000.0
503,100580.0,-19008.0,-1689.0,-6713.0,26973.0,528318.0
504,100581.0,-19484.0,-3899.0,-919.0,31950.0,835380.0
505,100582.0,-22838.0,365243.0,-8499.0,45328.5,1546020.0
506,100583.0,-16465.0,-4406.0,-2271.0,13090.5,343800.0
507,100584.0,-19092.0,-2197.0,-7296.0,10264.5,269550.0
508,100585.0,-12327.0,-1374.0,-4041.0,10849.5,284400.0
509,100586.0,-22291.0,365243.0,-13271.0,21969.0,515529.0
510,100587.0,-17999.0,-750.0,-5725.0,11718.0,117162.0
511,100588.0,-11816.0,-1540.0,-5304.0,19998.0,679500.0
512,100589.0,-10053.0,-1458.0,-4750.0,26055.0,302076.0
513,100590.0,-15923.0,-1384.0,-297.0,51534.0,478498.5
514,100593.0,-13693.0,-6715.0,-6501.0,28107.0,263686.5
515,100594.0,-14324.0,-583.0,-7877.0,9900.0,360000.0
516,100595.0,-15538.0,-990.0,-182.0,35685.0,450000.0
517,100596.0,-17196.0,-749.0,-9324.0,25542.0,599778.0
518,100597.0,-18673.0,-1434.0,-12450.0,23841.0,734994.0
519,100598.0,-13405.0,-1057.0,-1545.0,44617.5,1125000.0
520,100599.0,-16117.0,-3820.0,-8386.0,40320.0,835380.0
521,100600.0,-14751.0,-8093.0,-4199.0,47272.5,1237684.5
522,100601.0,-13509.0,-908.0,-6251.0,14724.0,284400.0
523,100603.0,-19862.0,-2017.0,-5682.0,28426.5,442791.0
524,100604.0,-8433.0,-786.0,-6654.0,19800.0,278460.0
525,100605.0,-9920.0,-279.0,-4568.0,72778.5,1006920.0
526,100606.0,-20372.0,365243.0,-5481.0,19260.0,593010.0
527,100608.0,-20597.0,365243.0,-4702.0,28957.5,654498.0
528,100609.0,-9250.0,-490.0,-2341.0,19800.0,294322.5
529,100610.0,-13281.0,-442.0,-184.0,26446.5,900000.0
530,100611.0,-17437.0,-3443.0,-3072.0,16276.5,254700.0
531,100612.0,-14573.0,-3569.0,-6268.0,37669.5,1288350.0
532,100614.0,-8126.0,-155.0,-7219.0,9000.0,180000.0
533,100615.0,-18294.0,-5493.0,-2520.0,19867.5,675000.0
534,100616.0,-13481.0,-234.0,-4346.0,22072.5,203760.0
535,100619.0,-11156.0,-890.0,-5089.0,13653.0,364896.0
536,100620.0,-17388.0,-1988.0,-3305.0,49500.0,1800000.0
537,100621.0,-18204.0,-3942.0,-7.0,52168.5,1312110.0
538,100623.0,-17789.0,-5368.0,-8156.0,16249.5,380533.5
539,100624.0,-23759.0,365243.0,-2753.0,22216.5,521280.0
540,100626.0,-11230.0,-200.0,-823.0,37849.5,926136.0
541,100627.0,-15061.0,-8294.0,-9065.0,46701.0,874152.0
542,100628.0,-15671.0,-214.0,-3132.0,8469.0,225000.0
543,100629.0,-17275.0,-9284.0,-6241.0,8982.0,201024.0
544,100630.0,-9524.0,-797.0,-1673.0,18693.0,675000.0
545,100631.0,-17515.0,-2412.0,-760.0,26838.0,913500.0
546,100632.0,-16195.0,-1067.0,-3466.0,79065.0,732915.0
547,100633.0,-13146.0,-1558.0,-7238.0,25195.5,414792.0
548,100634.0,-12515.0,-1585.0,-1255.0,14575.5,157500.0
549,100635.0,-12265.0,-3078.0,-373.0,19120.5,238500.0
550,100636.0,-21022.0,-1539.0,-3528.0,49927.5,1506816.0
551,100637.0,-22883.0,-2360.0,-12685.0,38250.0,765000.0
552,100638.0,-13468.0,-1401.0,-4237.0,20151.0,203760.0
553,100639.0,-17573.0,-552.0,-5059.0,15552.0,158301.0
554,100640.0,-11887.0,-2260.0,-356.0,20380.5,373311.0
555,100641.0,-11405.0,-459.0,-11393.0,20250.0,254700.0
556,100642.0,-21893.0,365243.0,-10290.0,47056.5,1350000.0
557,100643.0,-23185.0,365243.0,-5791.0,29677.5,755190.0
558,100644.0,-12463.0,-1631.0,-2688.0,13045.5,119925.0
559,100645.0,-12340.0,-3334.0,-4374.0,31887.0,900000.0
560,100646.0,-15152.0,-298.0,-1290.0,31261.5,640080.0
561,100647.0,-17142.0,-1051.0,-1203.0,12375.0,247500.0
562,100648.0,-12749.0,-1607.0,-5956.0,11074.5,225000.0
563,100649.0,-11653.0,-4832.0,-4833.0,13387.5,284400.0
564,100650.0,-16582.0,-1496.0,-988.0,31333.5,808650.0
565,100651.0,-12838.0,-2271.0,-27.0,20596.5,634482.0
566,100652.0,-22021.0,365243.0,-14183.0,54684.0,995562.0
567,100653.0,-12394.0,-853.0,-6408.0,38722.5,755856.0
568,100654.0,-11767.0,-3808.0,-5836.0,19939.5,427500.0
569,100655.0,-19763.0,-12143.0,-1928.0,13500.0,270000.0
570,100656.0,-20419.0,365243.0,-10019.0,13378.5,312768.0
571,100657.0,-19215.0,-4556.0,-7826.0,16357.5,414792.0
572,100658.0,-8948.0,-1381.0,-8890.0,11695.5,215640.0
573,100659.0,-18926.0,-975.0,-3202.0,19606.5,603792.0
574,100660.0,-14739.0,-1854.0,-6542.0,13500.0,270000.0
575,100661.0,-12520.0,-3871.0,-1116.0,31464.0,808650.0
576,100662.0,-16848.0,-362.0,-209.0,7924.5,152685.0
577,100663.0,-17426.0,-2415.0,-2517.0,17149.5,254700.0
578,100664.0,-20092.0,-437.0,-1820.0,11767.5,314100.0
579,100665.0,-7766.0,-504.0,-354.0,13500.0,270000.0
580,100666.0,-10691.0,-1590.0,-119.0,19822.5,422451.0
581,100667.0,-20113.0,365243.0,-8654.0,16753.5,168102.0
582,100668.0,-14731.0,-6767.0,-4269.0,16069.5,364896.0
583,100669.0,-22990.0,365243.0,-4509.0,36504.0,670500.0
584,100670.0,-19741.0,-3723.0,-1849.0,14512.5,381528.0
585,100671.0,-12052.0,-1374.0,-5782.0,46732.5,900000.0
586,100672.0,-21107.0,365243.0,-8291.0,26217.0,808650.0
587,100673.0,-16313.0,-221.0,-8756.0,24984.0,942300.0
588,100674.0,-14960.0,-1090.0,-2132.0,46084.5,900000.0
589,100675.0,-22503.0,365243.0,-442.0,33025.5,1125000.0
590,100676.0,-18723.0,-1325.0,-2708.0,45454.5,1223010.0
591,100678.0,-10598.0,-854.0,-558.0,31522.5,1078200.0
592,100679.0,-19968.0,-6651.0,-1434.0,14607.0,384048.0
593,100680.0,-16794.0,-3059.0,-176.0,27153.0,254700.0
594,100681.0,-16781.0,-5888.0,-3813.0,26878.5,526491.0
595,100682.0,-16773.0,-1422.0,-7821.0,13135.5,279000.0
596,100683.0,-17327.0,-2135.0,-4582.0,13500.0,270000.0
597,100684.0,-20313.0,-2018.0,-981.0,29002.5,991944.0
598,100685.0,-20020.0,-2125.0,-2109.0,23134.5,360000.0
599,100686.0,-13137.0,-2582.0,-1325.0,40410.0,1125000.0
600,100687.0,-12257.0,-1940.0,-6389.0,40477.5,631332.0
601,100688.0,-13103.0,-1270.0,-542.0,13527.0,167121.0
602,100689.0,-21752.0,365243.0,-9863.0,23413.5,528633.0
603,100690.0,-12135.0,-3815.0,-1049.0,16704.0,244998.0
604,100691.0,-15705.0,-1538.0,-1629.0,29250.0,585000.0
605,100692.0,-8454.0,-724.0,-2416.0,10809.0,90000.0
606,100693.0,-16215.0,-4428.0,-3362.0,26217.0,808650.0
607,100694.0,-14354.0,-4677.0,-1199.0,22500.0,450000.0
608,100695.0,-17426.0,365243.0,-6353.0,35788.5,1219500.0
609,100696.0,-15200.0,-263.0,-91.0,21906.0,675000.0
610,100697.0,-20648.0,365243.0,-4893.0,17946.0,495985.5
611,100698.0,-14590.0,-2022.0,-12352.0,20340.0,477000.0
612,100700.0,-17342.0,-2053.0,-9052.0,31482.0,526491.0
613,100701.0,-22881.0,365243.0,-12403.0,19629.0,495000.0
614,100703.0,-25050.0,365243.0,-2708.0,21919.5,225000.0
615,100704.0,-17781.0,-7042.0,-6650.0,22234.5,760500.0
616,100705.0,-17233.0,-891.0,-2328.0,32067.0,490536.0
617,100706.0,-22460.0,365243.0,-1746.0,22738.5,533668.5
618,100707.0,-16960.0,365243.0,-4213.0,37579.5,1160973.0
619,100708.0,-17541.0,-2745.0,-70.0,29839.5,808650.0
620,100709.0,-8746.0,-1756.0,-8746.0,11650.5,225000.0
621,100710.0,-11455.0,-382.0,-3875.0,21154.5,439740.0
622,100712.0,-15111.0,-1247.0,-4063.0,43443.0,1575000.0
623,100713.0,-12893.0,-290.0,-4688.0,32125.5,755190.0
624,100714.0,-21818.0,365243.0,-12710.0,21892.5,548770.5
625,100715.0,-19139.0,-10098.0,-277.0,13549.5,337500.0
626,100716.0,-11981.0,-2419.0,-5181.0,60259.5,761067.0
627,100717.0,-10800.0,-908.0,-4300.0,13833.0,284400.0
628,100718.0,-16297.0,-7481.0,-3500.0,26325.0,360000.0
629,100719.0,-12309.0,-1053.0,-146.0,59094.0,746280.0
630,100720.0,-8993.0,-152.0,-1786.0,14305.5,135000.0
631,100721.0,-19605.0,365243.0,-6693.0,25393.5,868500.0
632,100722.0,-16194.0,-1321.0,-8752.0,26640.0,545040.0
633,100723.0,-14239.0,-1387.0,-1748.0,18103.5,227520.0
634,100724.0,-14809.0,-1071.0,-8813.0,16506.0,312768.0
635,100725.0,-11487.0,-997.0,-4939.0,51948.0,1223010.0
636,100726.0,-10231.0,-747.0,-487.0,17271.0,450000.0
637,100727.0,-16914.0,-1386.0,-6802.0,10345.5,284400.0
638,100728.0,-17853.0,-3606.0,-6448.0,16366.5,555273.0
639,100730.0,-16938.0,-1744.0,-3240.0,62019.0,1971072.0
640,100731.0,-13830.0,-1123.0,-3446.0,13500.0,270000.0
641,100732.0,-10230.0,-146.0,-193.0,22018.5,450000.0
642,100733.0,-14351.0,-4551.0,-3591.0,20979.0,450000.0
643,100734.0,-13879.0,-2930.0,-3439.0,51750.0,1218375.0
644,100735.0,-14569.0,-7807.0,-2575.0,25636.5,720000.0
645,100736.0,-20629.0,-3291.0,-7402.0,34839.0,1080000.0
646,100737.0,-24181.0,365243.0,-8064.0,17208.0,247275.0
647,100738.0,-10939.0,-1849.0,-1052.0,9000.0,180000.0
648,100739.0,-10643.0,-219.0,-440.0,16875.0,337500.0
649,100741.0,-8685.0,-382.0,-7099.0,19134.0,284400.0
650,100742.0,-20206.0,365243.0,-14116.0,17352.0,390960.0
651,100743.0,-19989.0,-5858.0,-10339.0,5166.0,47970.0
652,100746.0,-17806.0,365243.0,-3435.0,24750.0,495000.0
653,100748.0,-16540.0,-337.0,-6043.0,14778.0,270000.0
654,100749.0,-17016.0,-261.0,-1127.0,19998.0,679500.0
655,100750.0,-13432.0,-1369.0,-7281.0,19993.5,472500.0
656,100755.0,-10598.0,-1023.0,-5012.0,7420.5,107820.0
657,100756.0,-19361.0,-3266.0,-10867.0,25506.0,247675.5
658,100757.0,-18355.0,-1954.0,-6595.0,21906.0,675000.0
659,100758.0,-13419.0,-1337.0,-4798.0,17019.0,448056.0
660,100759.0,-16290.0,-4752.0,-8870.0,50121.0,938304.0
661,100761.0,-11518.0,-215.0,-4940.0,14778.0,225000.0
662,100764.0,-10630.0,-1335.0,-10599.0,9000.0,180000.0
663,100766.0,-14385.0,-415.0,-3312.0,9621.0,157050.0
664,100767.0,-13962.0,-1574.0,-733.0,31464.0,808650.0
665,100768.0,-20438.0,-2271.0,-10241.0,10606.5,277969.5
666,100769.0,-13877.0,-2008.0,-4878.0,58243.5,805500.0
667,100771.0,-17087.0,-5171.0,-1166.0,68643.0,1971072.0
668,100773.0,-23049.0,365243.0,-4452.0,26226.0,254700.0
669,100774.0,-19164.0,-1220.0,-1307.0,22437.0,675000.0
670,100775.0,-8384.0,-666.0,-6274.0,22558.5,351000.0
671,100776.0,-12405.0,-749.0,-6366.0,52857.0,1096020.0
672,100778.0,-18323.0,-2711.0,-586.0,51543.0,1006920.0
673,100779.0,-20681.0,-13878.0,-10061.0,46557.0,1125000.0
674,100780.0,-10565.0,-1244.0,-5449.0,30834.0,679500.0
675,100781.0,-20204.0,-2402.0,-9586.0,42826.5,1327648.5
676,100782.0,-15573.0,-1760.0,-8302.0,29866.5,1017000.0
677,100783.0,-9543.0,-1327.0,-4287.0,9000.0,180000.0
678,100784.0,-22181.0,365243.0,-14266.0,74191.5,1885500.0
679,100785.0,-21306.0,365243.0,-2144.0,18085.5,293535.0
680,100786.0,-16625.0,-1890.0,-6371.0,11839.5,265851.0
681,100787.0,-16590.0,-2351.0,-183.0,28507.5,675000.0
682,100788.0,-10114.0,-996.0,-4888.0,47254.5,450000.0
683,100789.0,-16329.0,-1048.0,-1187.0,24786.0,813195.0
684,100790.0,-9365.0,-1172.0,-1451.0,27387.0,339948.0
685,100793.0,-13037.0,-706.0,-2921.0,26217.0,808650.0
686,100794.0,-21351.0,365243.0,-11095.0,18400.5,431280.0
687,100795.0,-13778.0,-786.0,-6325.0,31194.0,963000.0
688,100796.0,-19311.0,-514.0,-6886.0,32778.0,413235.0
689,100798.0,-16658.0,-409.0,-4717.0,31761.0,454500.0
690,100799.0,-21411.0,-3997.0,-4434.0,39159.0,886090.5
691,100800.0,-21314.0,365243.0,-2486.0,23215.5,698517.0
692,100801.0,-9528.0,-183.0,-4391.0,26568.0,223884.0
693,100802.0,-19169.0,-4275.0,-8207.0,18949.5,499261.5
694,100803.0,-11847.0,-1035.0,-1561.0,32818.5,679500.0
695,100804.0,-12200.0,-733.0,-179.0,32341.5,407727.0
696,100805.0,-11809.0,-1901.0,-5293.0,28962.0,1098000.0
697,100806.0,-18178.0,-744.0,-2278.0,26086.5,654498.0
698,100807.0,-14014.0,-1629.0,-7148.0,32602.5,675000.0
699,100808.0,-9904.0,-1116.0,-737.0,31261.5,640080.0
700,100809.0,-18711.0,-1497.0,-9492.0,10201.5,95940.0
701,100810.0,-12643.0,-770.0,-83.0,45000.0,900000.0
702,100811.0,-20220.0,-296.0,-6628.0,43645.5,1649646.0
703,100812.0,-13706.0,-1405.0,-5867.0,28287.0,274779.0
704,100813.0,-15069.0,-1302.0,-6538.0,21865.5,635962.5
705,100814.0,-21704.0,-4110.0,-9701.0,27679.5,942300.0
706,100815.0,-22725.0,365243.0,-8534.0,12694.5,225000.0
707,100816.0,-22562.0,365243.0,-9173.0,4950.0,88884.0
708,100817.0,-19335.0,-419.0,-10052.0,9733.5,364032.0
709,100818.0,-11763.0,-1331.0,-4835.0,46084.5,900000.0
710,100819.0,-20895.0,365243.0,-14964.0,44581.5,1520253.0
711,100820.0,-18007.0,-748.0,-7464.0,26217.0,808650.0
712,100821.0,-21579.0,-926.0,-7641.0,40387.5,1468719.0
713,100822.0,-11653.0,-439.0,-2223.0,48870.0,616923.0
714,100824.0,-16219.0,-1017.0,-2408.0,13500.0,270000.0
715,100825.0,-21435.0,365243.0,-2966.0,26779.5,500211.0
716,100827.0,-8759.0,-948.0,-3177.0,17775.0,225000.0
717,100828.0,-10662.0,-1799.0,-2202.0,47880.0,450000.0
718,100829.0,-21082.0,365243.0,-5685.0,14697.0,253737.0
719,100831.0,-10237.0,-1563.0,-318.0,33376.5,497520.0
720,100832.0,-14966.0,-7042.0,-7409.0,7285.5,131922.0
721,100833.0,-14804.0,-145.0,-6463.0,20448.0,723996.0
722,100834.0,-16133.0,-146.0,-722.0,38938.5,485640.0
723,100835.0,-19594.0,-1725.0,-10155.0,20686.5,267102.0
724,100837.0,-10072.0,-381.0,-519.0,6750.0,135000.0
725,100838.0,-16053.0,-1836.0,-1420.0,12447.0,229500.0
726,100839.0,-16532.0,-1815.0,-101.0,29353.5,824823.0
727,100840.0,-14655.0,-239.0,-4822.0,30442.5,450000.0
728,100841.0,-8675.0,-697.0,-4978.0,31086.0,835380.0
729,100842.0,-11667.0,-5076.0,-1870.0,46206.0,1087474.5
730,100843.0,-19235.0,-438.0,-11367.0,31522.5,1078200.0
731,100844.0,-11395.0,-2834.0,-5534.0,34749.0,942300.0
732,100845.0,-10140.0,-313.0,-1257.0,21253.5,439074.0
733,100846.0,-23491.0,365243.0,-1209.0,29506.5,888840.0
734,100847.0,-12757.0,-3532.0,-6633.0,9351.0,90000.0
735,100848.0,-14816.0,-2079.0,-8895.0,34110.0,531706.5
736,100849.0,-21264.0,-5217.0,-12490.0,30078.0,755190.0
737,100850.0,-13978.0,365243.0,-4944.0,17865.0,585000.0
738,100851.0,-17796.0,-1221.0,-5839.0,9000.0,180000.0
739,100852.0,-19794.0,-2260.0,-7567.0,63549.0,1190340.0
740,100853.0,-13176.0,-1725.0,-358.0,16825.5,276277.5
741,100854.0,-12418.0,-677.0,-661.0,38938.5,485640.0
742,100855.0,-16951.0,-2435.0,-2057.0,39330.0,770292.0
743,100856.0,-16862.0,-4356.0,-5452.0,19233.0,364896.0
744,100857.0,-23630.0,365243.0,-11244.0,15084.0,153504.0
745,100858.0,-14907.0,-95.0,-2699.0,58333.5,1467612.0
746,100859.0,-14004.0,-2402.0,-7999.0,44140.5,1225224.0
747,100860.0,-10241.0,-732.0,-2739.0,56362.5,711747.0
748,100861.0,-14206.0,-5632.0,-185.0,72477.0,2085120.0
749,100862.0,-11485.0,-2140.0,-196.0,51120.0,957033.0
750,100863.0,-23511.0,365243.0,-12935.0,14296.5,253737.0
751,100864.0,-9132.0,-126.0,-183.0,27724.5,573628.5
752,100865.0,-13525.0,-5070.0,-3336.0,24435.0,573628.5
753,100866.0,-15453.0,-1357.0,-112.0,31576.5,398016.0
754,100867.0,-24645.0,365243.0,-1182.0,23494.5,239850.0
755,100868.0,-19129.0,-2919.0,-314.0,27324.0,450000.0
756,100869.0,-16645.0,-300.0,-244.0,14994.0,242950.5
757,100870.0,-18840.0,-9569.0,-10966.0,11506.5,203760.0
758,100871.0,-7865.0,-300.0,-69.0,16623.0,405000.0
759,100873.0,-19776.0,-1236.0,-9513.0,43659.0,1030500.0
760,100874.0,-21642.0,-98.0,-128.0,59845.5,582768.0
761,100875.0,-10303.0,-1062.0,-2231.0,26838.0,260640.0
762,100876.0,-13465.0,-380.0,-72.0,23845.5,317178.0
763,100877.0,-16989.0,-665.0,-1715.0,11619.0,238896.0
764,100878.0,-16851.0,-1310.0,-675.0,35523.0,835380.0
765,100879.0,-18740.0,-1369.0,-8719.0,47650.5,1323000.0
766,100880.0,-22637.0,365243.0,-7608.0,14872.5,143910.0
767,100881.0,-7705.0,-350.0,-6738.0,9000.0,180000.0
768,100882.0,-14661.0,-413.0,-582.0,39060.0,765000.0
769,100883.0,-9106.0,-1031.0,-9064.0,11718.0,117162.0
770,100884.0,-10960.0,-1091.0,-5206.0,21420.0,327024.0
771,100885.0,-12106.0,-3635.0,-5316.0,20164.5,557770.5
772,100886.0,-15217.0,-6607.0,-3532.0,29682.0,697500.0
773,100887.0,-24680.0,365243.0,-8365.0,9193.5,157914.0
774,100888.0,-18874.0,-12166.0,-6758.0,26446.5,900000.0
775,100889.0,-12385.0,-5557.0,-2320.0,42750.0,855000.0
776,100890.0,-20108.0,-4695.0,-10304.0,22090.5,553806.0
777,100891.0,-21817.0,365243.0,-6288.0,20281.5,203760.0
778,100892.0,-18284.0,365243.0,-5406.0,29515.5,312682.5
779,100893.0,-16419.0,-3300.0,-6874.0,68490.0,701730.0
780,100894.0,-11916.0,-2716.0,-2379.0,42318.0,1442952.0
781,100895.0,-16054.0,-8026.0,-2992.0,35964.0,675000.0
782,100896.0,-13913.0,-1252.0,-3481.0,44352.0,1006920.0
783,100897.0,-8087.0,-473.0,-1722.0,40221.0,550980.0
784,100898.0,-22478.0,365243.0,-7260.0,30568.5,497520.0
785,100899.0,-14164.0,-750.0,-7884.0,7195.5,225000.0
786,100900.0,-17254.0,-796.0,-10541.0,8037.0,103855.5
787,100901.0,-15463.0,-687.0,-2238.0,7582.5,76500.0
788,100902.0,-21838.0,365243.0,-12041.0,32764.5,770292.0
789,100903.0,-17432.0,-3797.0,-4570.0,22023.0,574785.0
790,100904.0,-17876.0,-344.0,-10499.0,19575.0,348264.0
791,100905.0,-13291.0,-143.0,-4624.0,9000.0,180000.0
792,100906.0,-15113.0,-1076.0,-9240.0,23931.0,814041.0
793,100907.0,-16309.0,-3725.0,-1132.0,23989.5,490536.0
794,100908.0,-17523.0,-2207.0,-5836.0,28215.0,781920.0
795,100909.0,-20193.0,365243.0,-3347.0,26086.5,229500.0
796,100911.0,-8604.0,-594.0,-4883.0,13500.0,270000.0
797,100912.0,-10582.0,-2136.0,-2766.0,16276.5,254700.0
798,100914.0,-21910.0,-4800.0,-216.0,26446.5,900000.0
799,100915.0,-10548.0,-215.0,-20.0,18513.0,284400.0
800,100916.0,-9927.0,-1492.0,-9927.0,19746.0,403330.5
801,100917.0,-15317.0,-2258.0,-3165.0,30280.5,760225.5
802,100919.0,-23039.0,365243.0,-3919.0,16101.0,229500.0
803,100920.0,-13765.0,-1806.0,-8001.0,24471.0,832500.0
804,100921.0,-16860.0,-711.0,-2998.0,24246.0,675000.0
805,100922.0,-21738.0,365243.0,-9237.0,16726.5,238500.0
806,100923.0,-12333.0,-502.0,-2571.0,30289.5,284256.0
807,100924.0,-14897.0,-1064.0,-2551.0,52375.5,1317357.0
808,100925.0,-11726.0,-1643.0,-2172.0,37669.5,1288350.0
809,100926.0,-15300.0,-4700.0,-3895.0,16069.5,364896.0
810,100927.0,-16797.0,-868.0,-7039.0,58828.5,1350000.0
811,100928.0,-14238.0,-3386.0,-8242.0,9616.5,95940.0
812,100929.0,-16037.0,-3021.0,-8206.0,25024.5,517500.0
813,100930.0,-14774.0,-791.0,-1659.0,36279.0,607050.0
814,100932.0,-18013.0,-2010.0,-425.0,20668.5,675000.0
815,100933.0,-14259.0,-1858.0,-5428.0,9297.0,162000.0
816,100934.0,-11649.0,-1015.0,-791.0,9000.0,180000.0
817,100935.0,-12406.0,-960.0,-3726.0,27432.0,644427.0
818,100936.0,-22167.0,365243.0,-12692.0,16695.0,390960.0
819,100937.0,-14740.0,-249.0,-1199.0,22018.5,450000.0
820,100938.0,-23236.0,365243.0,-10304.0,13932.0,178213.5
821,100939.0,-16683.0,-1684.0,-3320.0,19831.5,673875.0
822,100940.0,-19227.0,-1542.0,-11965.0,10566.0,101880.0
823,100941.0,-19133.0,365243.0,-356.0,27715.5,508495.5
824,100942.0,-15301.0,-7655.0,-1038.0,25848.0,503676.0
825,100943.0,-16228.0,-402.0,-8775.0,14980.5,189621.0
826,100944.0,-11700.0,-404.0,-5582.0,44824.5,1054935.0
827,100945.0,-14702.0,-238.0,-8781.0,39046.5,1210500.0
828,100946.0,-23079.0,365243.0,-3022.0,26217.0,808650.0
829,100947.0,-9694.0,-1508.0,-803.0,20772.0,380533.5
830,100948.0,-17852.0,365243.0,-806.0,16546.5,337500.0
831,100949.0,-13850.0,-7107.0,-5260.0,44140.5,657886.5
832,100950.0,-11218.0,-2411.0,-5508.0,12915.0,225000.0
833,100951.0,-9455.0,-975.0,-4765.0,17707.5,224136.0
834,100954.0,-19919.0,-11807.0,-10170.0,29250.0,585000.0
835,100955.0,-22321.0,365243.0,-13611.0,10053.0,101880.0
836,100956.0,-16940.0,-1533.0,-4470.0,32940.0,587623.5
837,100957.0,-10014.0,-1779.0,-9514.0,51795.0,927571.5
838,100958.0,-16656.0,-984.0,-1883.0,22738.5,533668.5
839,100959.0,-14664.0,-5553.0,-2798.0,12334.5,225000.0
840,100960.0,-14565.0,-1685.0,-2651.0,16155.0,343800.0
841,100961.0,-12024.0,-992.0,-4951.0,11434.5,360000.0
842,100962.0,-10534.0,-2287.0,-14.0,26145.0,787131.0
843,100963.0,-20527.0,-395.0,-11264.0,27009.0,1002456.0
844,100964.0,-12956.0,-63.0,-7051.0,16033.5,327024.0
845,100966.0,-13465.0,-299.0,-20.0,4873.5,47970.0
846,100967.0,-18493.0,-1625.0,-8321.0,33732.0,1149210.0
847,100968.0,-11083.0,-1516.0,-4502.0,30415.5,1035832.5
848,100969.0,-8545.0,-213.0,-5.0,39069.0,485640.0
849,100971.0,-11073.0,-233.0,-5166.0,33736.5,948582.0
850,100972.0,-17641.0,-710.0,-1141.0,37098.0,1264428.0
851,100973.0,-17825.0,-2640.0,-5697.0,28503.0,970380.0
852,100974.0,-25059.0,365243.0,-12763.0,21793.5,219042.0
853,100975.0,-15981.0,-959.0,-1071.0,11250.0,225000.0
854,100976.0,-11001.0,-111.0,-2395.0,29475.0,1008117.0
855,100977.0,-20693.0,365243.0,-11389.0,26316.0,900000.0
856,100978.0,-17899.0,-3636.0,-6910.0,21541.5,508495.5
857,100979.0,-17924.0,-1285.0,-4360.0,22500.0,450000.0
858,100980.0,-10973.0,-505.0,-4455.0,8851.5,81000.0
859,100981.0,-21516.0,365243.0,-10609.0,13774.5,312768.0
860,100985.0,-17468.0,-5303.0,-6894.0,62572.5,1574532.0
861,100986.0,-17231.0,-3683.0,-2153.0,29970.0,640080.0
862,100988.0,-8664.0,-756.0,-4717.0,38821.5,1350000.0
863,100989.0,-11869.0,-2034.0,-5341.0,15628.5,143910.0
864,100990.0,-14391.0,-3952.0,-1798.0,25348.5,862560.0
865,100991.0,-14601.0,-4174.0,-7156.0,20214.0,474048.0
866,100992.0,-12755.0,-1453.0,-827.0,13396.5,203760.0
867,100993.0,-14276.0,-7508.0,-8418.0,22495.5,765000.0
868,100994.0,-20071.0,-1689.0,-4870.0,29376.0,888840.0
869,100995.0,-19860.0,-2303.0,-2763.0,32877.0,450000.0
870,100996.0,-11952.0,-1087.0,-2429.0,26154.0,675000.0
871,100999.0,-10121.0,-1354.0,-1393.0,81108.0,2125953.0
872,101000.0,-11574.0,-438.0,-1388.0,32274.0,592560.0
873,101001.0,-12294.0,-1623.0,-12294.0,49428.0,1024740.0
874,101003.0,-14471.0,-743.0,-1933.0,42943.5,407745.0
875,101004.0,-15044.0,-197.0,-4570.0,84694.5,1215000.0
876,101006.0,-22839.0,365243.0,-9376.0,27000.0,540000.0
877,101007.0,-15140.0,-683.0,-6178.0,40675.5,728460.0
878,101009.0,-14105.0,-176.0,-4968.0,25186.5,239850.0
879,101010.0,-11041.0,-482.0,-580.0,17784.0,381528.0
880,101011.0,-19367.0,-1943.0,-13447.0,26316.0,900000.0
881,101012.0,-17295.0,-1670.0,-7993.0,38556.0,755190.0
882,101013.0,-14077.0,-1619.0,-4112.0,25078.5,518562.0
883,101014.0,-14102.0,-3067.0,-8085.0,42619.5,1002870.0
884,101015.0,-18397.0,-524.0,-9272.0,36459.0,755190.0
885,101016.0,-22443.0,-8373.0,-1192.0,45202.5,1546020.0
886,101017.0,-21525.0,365243.0,-1190.0,6750.0,135000.0
887,101018.0,-16101.0,-8506.0,-5554.0,27693.0,834048.0
888,101019.0,-21493.0,-5582.0,-3104.0,21051.0,720000.0
889,101022.0,-22251.0,365243.0,-4503.0,32602.5,675000.0
890,101023.0,-21057.0,-6281.0,-6012.0,31261.5,640080.0
891,101027.0,-18007.0,-1403.0,-10343.0,26640.0,545040.0
892,101028.0,-13818.0,-5378.0,-5619.0,26050.5,886500.0
893,101029.0,-20719.0,-3090.0,-7335.0,33750.0,675000.0
894,101030.0,-15883.0,-1476.0,-10030.0,26446.5,900000.0
895,101032.0,-21280.0,-1867.0,-8749.0,31176.0,704844.0
896,101033.0,-21204.0,-1105.0,-10802.0,30528.0,942300.0
897,101034.0,-11411.0,-180.0,-4699.0,52614.0,664299.0
898,101035.0,-21590.0,365243.0,-2364.0,6399.0,90000.0
899,101036.0,-11264.0,-220.0,-1225.0,24201.0,474048.0
900,101037.0,-22346.0,365243.0,-15314.0,38268.0,747000.0
901,101038.0,-19002.0,-1276.0,-3926.0,34596.0,675000.0
902,101039.0,-16892.0,-102.0,-10616.0,55719.0,1024740.0
903,101040.0,-23064.0,365243.0,-8983.0,28143.0,635962.5
904,101042.0,-15181.0,-3002.0,-3299.0,22959.0,521280.0
905,101043.0,-20186.0,365243.0,-7159.0,6075.0,74182.5
906,101044.0,-15085.0,-8508.0,-739.0,32224.5,1097676.0
907,101045.0,-15928.0,-1920.0,-7832.0,9000.0,180000.0
908,101046.0,-15839.0,-2224.0,-3608.0,16875.0,337500.0
909,101047.0,-13646.0,-1470.0,-4993.0,13833.0,284400.0
910,101048.0,-16600.0,-3210.0,-2797.0,27292.5,1029681.0
911,101049.0,-10729.0,-411.0,-4930.0,12501.0,104256.0
912,101050.0,-19533.0,-561.0,-12321.0,34785.0,1185282.0
913,101052.0,-7859.0,-628.0,-546.0,9000.0,180000.0
914,101053.0,-11272.0,-233.0,-2354.0,16276.5,254700.0
915,101054.0,-18452.0,-11674.0,-5664.0,17739.0,454500.0
916,101058.0,-15017.0,-5143.0,-1699.0,26446.5,900000.0
917,101059.0,-12229.0,-4078.0,-90.0,46570.5,454500.0
918,101060.0,-13928.0,-1164.0,-447.0,45202.5,1546020.0
919,101061.0,-17648.0,-5042.0,-5261.0,16011.0,284400.0
920,101062.0,-15202.0,-1876.0,-2343.0,21789.0,206271.0
921,101063.0,-13955.0,-165.0,-8058.0,38686.5,755190.0
922,101065.0,-19517.0,-2105.0,-9019.0,14103.0,370629.0
923,101066.0,-8880.0,-1579.0,-1261.0,20677.5,405000.0
924,101067.0,-12093.0,-985.0,-3879.0,47880.0,450000.0
925,101068.0,-14300.0,-1264.0,-3049.0,35824.5,900000.0
926,101069.0,-18735.0,-1717.0,-11293.0,45724.5,679500.0
927,101070.0,-20426.0,-375.0,-5118.0,33025.5,1125000.0
928,101071.0,-15241.0,-184.0,-3843.0,20083.5,414792.0
929,101072.0,-17660.0,-6587.0,-5582.0,31360.5,945000.0
930,101073.0,-14122.0,-1397.0,-6768.0,44671.5,485640.0
931,101074.0,-15787.0,-5542.0,-3501.0,39204.0,765261.0
932,101075.0,-16265.0,-2336.0,-2681.0,37273.5,533668.5
933,101076.0,-16015.0,-2891.0,-1238.0,25744.5,324216.0
934,101077.0,-16360.0,-1085.0,-7029.0,46143.0,720000.0
935,101078.0,-13670.0,-1179.0,-1371.0,10620.0,225000.0
936,101080.0,-8935.0,-264.0,-3808.0,16515.0,207396.0
937,101081.0,-20836.0,-3003.0,-2423.0,31171.5,1061599.5
938,101082.0,-14562.0,-2149.0,-2202.0,26640.0,545040.0
939,101083.0,-10476.0,-1235.0,-615.0,20979.0,450000.0
940,101084.0,-10867.0,-1344.0,-3517.0,28975.5,531706.5
941,101085.0,-13233.0,-4459.0,-6945.0,48082.5,900000.0
942,101086.0,-8587.0,-942.0,-6214.0,23053.5,225000.0
943,101088.0,-17650.0,-5086.0,-8574.0,14377.5,225000.0
944,101089.0,-19642.0,-9868.0,-10528.0,15786.0,562500.0
945,101091.0,-20289.0,365243.0,-9834.0,52321.5,1024740.0
946,101093.0,-9082.0,-1247.0,-6104.0,17370.0,152820.0
947,101094.0,-23643.0,-3326.0,-1668.0,23958.0,819432.0
948,101095.0,-21192.0,-10269.0,-10389.0,19822.5,450000.0
949,101096.0,-8824.0,-757.0,-1314.0,35343.0,550980.0
950,101098.0,-11215.0,-298.0,-5056.0,59589.0,1096020.0
951,101100.0,-10769.0,-477.0,-4598.0,17086.5,315000.0
952,101101.0,-19419.0,-1523.0,-2078.0,13500.0,270000.0
953,101102.0,-13141.0,-168.0,-1145.0,28062.0,500211.0
954,101103.0,-11742.0,-1866.0,-739.0,55341.0,715095.0
955,101104.0,-22925.0,365243.0,-6477.0,23859.0,538704.0
956,101105.0,-10453.0,-805.0,-6451.0,9171.0,157500.0
957,101106.0,-19452.0,-2273.0,-11406.0,42273.0,824242.5
958,101108.0,-11239.0,-387.0,-4013.0,22018.5,450000.0
959,101109.0,-13461.0,-3164.0,-4989.0,37746.0,781920.0
960,101110.0,-13529.0,-3764.0,-7014.0,31995.0,755190.0
961,101111.0,-10209.0,-3268.0,-2388.0,43780.5,854896.5
962,101112.0,-15521.0,-1917.0,-9619.0,11596.5,247500.0
963,101113.0,-18591.0,-9288.0,-9090.0,45949.5,1125000.0
964,101114.0,-12409.0,-1286.0,-3372.0,20884.5,754740.0
965,101115.0,-10218.0,-313.0,-1606.0,14593.5,266652.0
966,101116.0,-14390.0,-2468.0,-4580.0,17253.0,352044.0
967,101117.0,-18656.0,365243.0,-6456.0,32796.0,585000.0
968,101119.0,-10128.0,-3090.0,-857.0,34150.5,350581.5
969,101120.0,-15267.0,-1393.0,-1070.0,13500.0,270000.0
970,101121.0,-15481.0,-207.0,-1897.0,20326.5,436032.0
971,101122.0,-12198.0,-2058.0,-465.0,27265.5,640458.0
972,101123.0,-20266.0,365243.0,-12091.0,8122.5,188685.0
973,101124.0,-21647.0,-4572.0,-10274.0,37516.5,848745.0
974,101127.0,-16492.0,-2128.0,-3538.0,45445.5,835380.0
975,101129.0,-23282.0,365243.0,-13912.0,37444.5,1006920.0
976,101130.0,-24103.0,365243.0,-6237.0,10782.0,203760.0
977,101131.0,-13963.0,-1392.0,-2938.0,9774.0,350676.0
978,101132.0,-12926.0,-1081.0,-3633.0,6750.0,135000.0
979,101133.0,-23942.0,365243.0,-13496.0,16011.0,284400.0
980,101134.0,-15175.0,-3046.0,-3141.0,23107.5,450000.0
981,101135.0,-10718.0,-3098.0,-2343.0,21852.0,299772.0
982,101137.0,-8991.0,-405.0,-3589.0,25758.0,497520.0
983,101138.0,-20726.0,-10702.0,-5953.0,24259.5,640080.0
984,101139.0,-11944.0,-3319.0,-1295.0,19867.5,679500.0
985,101141.0,-16496.0,-628.0,-6297.0,10795.5,135000.0
986,101142.0,-11006.0,-425.0,-5014.0,17095.5,312768.0
987,101143.0,-10265.0,-3404.0,-9322.0,42790.5,1006920.0
988,101144.0,-18033.0,-4805.0,-5096.0,28525.5,263686.5
989,101145.0,-13336.0,-2143.0,-1047.0,35761.5,840951.0
990,101146.0,-22427.0,365243.0,-11112.0,15241.5,143910.0
991,101147.0,-12102.0,-1904.0,-1481.0,34209.0,1165500.0
992,101148.0,-13802.0,-4963.0,-5328.0,25888.5,490536.0
993,101150.0,-20077.0,-2357.0,-9689.0,33259.5,835380.0
994,101151.0,-17801.0,-1743.0,-1257.0,32337.0,760225.5
995,101152.0,-21202.0,365243.0,-6542.0,17946.0,495985.5
996,101153.0,-14075.0,-901.0,-8049.0,57001.5,1113840.0
997,101154.0,-21027.0,365243.0,-12357.0,28206.0,517536.0
998,101155.0,-16204.0,-1461.0,-1046.0,37800.0,1288350.0
999,101156.0,-17530.0,-695.0,-92.0,27076.5,679500.0
